{"cameraMode":{"drawMode":0,"name":"Shaded","section":"Shading Mode"},"sceneLighting":true,"audioPlay":false,"sceneViewState":{"showFog":true,"showMaterialUpdate":false,"showSkybox":true,"showFlares":true,"showImageEffects":true,"showParticleSystems":true},"in2DMode":false,"pivot":{"x":0.08059269189834595,"y":-5.744293212890625,"z":1.0889759063720704},"rotation":{"x":0.6986103653907776,"y":0.0011125243036076427,"z":0.005722825415432453,"w":0.716432511806488},"size":34.82655334472656,"orthographic":false}