{"cameraMode":{"drawMode":0,"name":"Shaded","section":"Shading Mode"},"sceneLighting":true,"audioPlay":false,"sceneViewState":{"showFog":true,"showMaterialUpdate":false,"showSkybox":true,"showFlares":true,"showImageEffects":true,"showParticleSystems":true},"in2DMode":false,"pivot":{"x":16.427082061767579,"y":39.286563873291019,"z":3.998613119125366},"rotation":{"x":0.2651294767856598,"y":0.4883958399295807,"z":-0.14448334276676179,"w":0.8196319341659546},"size":13.750838279724121,"orthographic":false}