{"cameraMode":{"drawMode":0,"name":"Shaded","section":"Shading Mode"},"sceneLighting":false,"audioPlay":false,"sceneViewState":{"showFog":true,"showMaterialUpdate":true,"showSkybox":false,"showFlares":true,"showImageEffects":true,"showParticleSystems":true},"in2DMode":false,"pivot":{"x":1.1000001430511475,"y":9.199999809265137,"z":-1.8999996185302735},"rotation":{"x":0.6088895797729492,"y":0.04284274950623512,"z":-0.016609180718660356,"w":0.7929073572158814},"size":14.959611892700196,"orthographic":false}