{"cameraMode":{"drawMode":0,"name":"Shaded","section":"Shading Mode"},"sceneLighting":true,"audioPlay":false,"sceneViewState":{"showFog":true,"showMaterialUpdate":true,"showSkybox":true,"showFlares":true,"showImageEffects":true,"showParticleSystems":true},"in2DMode":false,"pivot":{"x":-3.360556125640869,"y":13.843246459960938,"z":-17.118356704711915},"rotation":{"x":0.5212850570678711,"y":0.027578311040997506,"z":-0.0019036127487197519,"w":0.8538429141044617},"size":28.663578033447267,"orthographic":false}