{"cameraMode":{"drawMode":0,"name":"Shaded","section":"Shading Mode"},"sceneLighting":true,"audioPlay":false,"sceneViewState":{"showFog":true,"showMaterialUpdate":false,"showSkybox":true,"showFlares":true,"showImageEffects":true,"showParticleSystems":true},"in2DMode":false,"pivot":{"x":1.4477157592773438,"y":5.416252136230469,"z":-3.5413923263549806},"rotation":{"x":-0.30779966711997988,"y":-0.32039135694503786,"z":0.11093064397573471,"w":-0.889011800289154},"size":14.816534996032715,"orthographic":false}