{"cameraMode":{"drawMode":0,"name":"Shaded","section":"Shading Mode"},"sceneLighting":true,"audioPlay":false,"sceneViewState":{"showFog":true,"showMaterialUpdate":false,"showSkybox":true,"showFlares":true,"showImageEffects":true,"showParticleSystems":true},"in2DMode":false,"pivot":{"x":8.556731224060059,"y":5.809356689453125,"z":-5.698493003845215},"rotation":{"x":0.6565937995910645,"y":-0.00591364735737443,"z":0.009284059517085553,"w":0.7550169825553894},"size":25.27202033996582,"orthographic":false}