{"cameraMode":{"drawMode":0,"name":"Shaded","section":"Shading Mode"},"sceneLighting":true,"audioPlay":false,"sceneViewState":{"showFog":true,"showMaterialUpdate":true,"showSkybox":true,"showFlares":true,"showImageEffects":true,"showParticleSystems":true},"in2DMode":false,"pivot":{"x":1.8808375597000123,"y":0.38889312744140627,"z":-7.5485992431640629},"rotation":{"x":0.3695671260356903,"y":0.12227838486433029,"z":-0.034715019166469577,"w":0.9213162064552307},"size":86.58424377441406,"orthographic":false}